phase_days,temperature_mean,temperature_std,temperature_sem,temperature_count,density_mean,density_std,density_sem,density_count,speed_mean,speed_std,speed_sem,speed_count
0.5,102097.88005780347,75446.56726221077,2868.0481448793357,692,6.844522471910112,4.659053258778013,0.17460540290867782,712,432.81756756756755,95.63752590976107,3.515705373486586,740
1.5,105093.03586800574,78494.60248908635,2973.1950795791054,697,6.739106145251396,4.412259625645579,0.16489388412700123,716,438.08590604026847,100.69809091268273,3.689292599379652,745
2.5,106004.99854439593,78886.35222761844,3009.7020622178875,687,6.5948863636363635,4.047253180682893,0.1525365935442912,704,437.7482993197279,98.55392053365168,3.635216123145544,735
3.5,104542.1035971223,76267.32705633377,2892.9846121133905,695,6.624649859943977,4.127991908713985,0.15448621451107203,714,435.65625,96.1902312437947,3.5456189643942486,736
4.5,100009.47126436782,73041.18519229798,2768.6189797482734,696,6.805898876404495,4.338824048932348,0.16260430588260624,712,432.4345479082321,96.2964319423577,3.53753781968198,741
5.5,101262.46309696093,85881.79661888008,3267.097516168501,691,7.019943820224719,4.820405641163678,0.18065233909332948,712,429.2108108108108,94.75998534231162,3.4834463406531198,740
6.5,102137.04694167852,82430.70346421929,3108.932863072559,703,7.109418282548477,4.75907425170668,0.1771144039764257,722,427.94362416107384,92.88660586260944,3.4031019305775043,745
7.5,108512.35428571429,101587.44021017136,3839.64433033938,700,7.159418282548477,4.599858430505403,0.17118900466886736,722,432.6970509383378,102.58607473505553,3.7559430528896645,746
8.5,107226.64798850575,97382.65863269659,3691.2801493979746,696,7.017130919220056,4.706860077035311,0.1756584579537258,718,436.872654155496,104.30625340564765,3.8189232687155035,746
9.5,106603.20733427363,81684.04937230205,3067.7088664835296,709,6.904103967168262,4.513502981252892,0.16693793813004829,731,440.0212201591512,102.91097546819783,3.7477966775287466,754
10.5,108677.92765957447,79782.7015215437,3004.790374457703,705,6.832,4.632955692971677,0.17206365483313465,725,441.40479360852197,102.00048982067368,3.7220507361712527,751
11.5,113650.33189655172,80556.0383255557,3053.4687526535467,696,6.801958041958041,4.546864166844932,0.1700430786707592,715,447.92048517520215,104.52650329070927,3.837288654580863,742
12.5,114787.92939481269,81255.28891157318,3084.408587467408,694,6.319775596072931,4.180054157371762,0.1565442584405976,713,451.8611859838275,108.24045246334087,3.9736320179878732,742
13.5,111387.281205165,82715.4197460177,3133.0699334183314,697,6.23626220362622,4.015437595330206,0.1499592649569585,717,449.4979811574697,104.89244746406841,3.8481306809350477,743
14.5,103147.14449213161,77667.16340250868,2937.6419141422425,699,6.37350069735007,4.382579868458906,0.16367044440027376,717,440.38657718120805,100.10703052993458,3.6676378224509603,745
15.5,95797.28242074928,68591.56146356187,2603.7000672811055,694,6.700984528832629,4.553758594743129,0.1707792899561129,711,429.255751014885,93.0420735835053,3.4226080032041812,739
16.5,100077.16738197424,121039.22257257513,4578.1238545001825,699,6.692737430167598,4.225014128273124,0.15789619134220312,716,426.19676549865227,92.05640816217476,3.379497060565847,742
17.5,98129.58129496402,77135.37881850512,2925.9116922590565,695,6.88781512605042,4.134655640717427,0.15473559841358284,714,423.678331090175,91.98098450743838,3.374455045173147,743
18.5,97506.83309352519,72488.58234773795,2749.648655328148,695,7.253015427769985,4.631171257322414,0.17343872660367293,713,422.84026845637584,93.44542993786227,3.423575660580719,745
19.5,101717.29268292683,78758.15800003128,2983.1779564074373,697,7.408647140864714,4.5568792595602545,0.17017977444250895,717,428.1091644204852,95.57573363866693,3.5086955633145864,742
20.5,106350.56737588653,83784.20320695433,3155.4956466331682,705,7.118005540166204,4.647198898019118,0.17295083443747206,722,431.619812583668,95.37844773984537,3.489714911709827,747
21.5,104813.44155844155,72037.00499545457,2736.4595385692737,693,6.879523141654979,4.413026719663786,0.1652691494654407,713,436.7181571815718,97.23939444840077,3.5794315745102865,738
22.5,113310.5897810219,83307.3167937655,3183.0089587066846,685,6.563661971830986,4.1496584186362355,0.15573390537581608,710,444.72334682861,100.7003736412448,3.6993206604502977,741
23.5,107082.77089337175,93539.03088081488,3550.6930561300564,694,6.284055944055945,4.001907499970791,0.14966285485559844,715,442.60323886639674,102.50626449035123,3.7656617184529,741
24.5,102706.7339055794,75940.43415593273,2872.331015856585,699,6.670153417015341,4.470830550850612,0.16696622652842855,717,437.8150134048257,97.00306832378037,3.5515346651155513,746
25.5,101111.17604617604,74001.54691841704,2811.086315242583,693,6.690489510489511,4.752097477147621,0.17771836929943804,715,433.9296346414073,94.47245007140995,3.4752252528692344,739
26.5,97336.10503597122,75239.40497887669,2853.9933052548395,695,6.674509803921569,4.535571744520568,0.16973950650805641,714,430.81029810298105,91.5735162378627,3.3708677153956397,738
